{"cameraMode":{"drawMode":0,"name":"Shaded","section":"Shading Mode"},"sceneLighting":false,"audioPlay":false,"sceneViewState":{"showFog":true,"showMaterialUpdate":false,"showSkybox":false,"showFlares":true,"showImageEffects":true,"showParticleSystems":true},"in2DMode":false,"pivot":{"x":365.6935729980469,"y":1092.02685546875,"z":46.15218734741211},"rotation":{"x":0.013811709359288216,"y":0.9834901690483093,"z":0.1589072346687317,"w":-0.08548193424940109},"size":703.1101684570313,"orthographic":false}