{"cameraMode":{"drawMode":0,"name":"Shaded","section":"Shading Mode"},"sceneLighting":true,"audioPlay":false,"sceneViewState":{"showFog":true,"showMaterialUpdate":true,"showSkybox":true,"showFlares":true,"showImageEffects":true,"showParticleSystems":true},"in2DMode":false,"pivot":{"x":1.3326849937438965,"y":0.893848180770874,"z":0.3756067752838135},"rotation":{"x":-0.004212705418467522,"y":0.9940773248672485,"z":0.04177580028772354,"w":0.10024246573448181},"size":1.422999620437622,"orthographic":false}